DateTime,Temperature_C,pH_measured,pH_modeled,pCO2_uatm,Ca_measured_mgL,Na_measured_mgL,Cl_measured_mgL,SI_Calcite,PAR_Wm2,GPP_observed_mgO2Lh,GPP_modeled_mgO2Lh,ER_observed_mgO2Lh,ER_modeled_mgO2Lh,NEP_mgO2Lh,KO2_m_d,k600_m_d,CO2flux_mmol_m2_d,CO2aq_mgL,HCO3_mgL,CO3_mgL,DIC_mgL,d13C_DIC_measured,d13C_DIC_modeled,d13C_residual,d13C_CO2aq_eq,d13C_HCO3_eq,Daylight_flag
2024-10-18 18:00:00,16.841000,7.720000,7.720000,1367.725849,22.700000,1.178000,1.881000,-0.500543,0.002516,0.534519,0.000364,-6.118821,-6.150545,-6.150180,0.700000,0.700433,26.227144,2.591886,78.007513,0.181583,16.380000,-7.170000,-7.170000,0.000000,-16.555998,-6.743289,1
2024-10-18 19:00:00,16.582250,7.690000,7.690000,1454.194118,22.750000,1.176500,1.872750,-0.535122,0.000000,0.400890,0.000000,-5.957950,-5.988314,-5.988314,0.681250,0.686391,28.089378,2.777790,77.663157,0.167595,16.357500,-7.187500,-7.183905,-0.003595,-16.570593,-6.727856,0
2024-10-18 20:00:00,16.323500,7.660000,7.660000,1545.740816,22.800000,1.175000,1.864500,-0.569828,0.000000,0.267260,0.000000,-5.797079,-5.830363,-5.830363,0.662500,0.672145,29.986253,2.976377,77.299649,0.154635,16.335000,-7.205000,-7.194528,-0.010472,-16.582878,-6.710036,0
2024-10-18 21:00:00,16.064750,7.630000,7.630000,1642.612567,22.850000,1.173500,1.856250,-0.604666,0.000000,0.133630,0.000000,-5.636207,-5.676578,-5.676578,0.643750,0.657693,31.913328,3.188415,76.916045,0.142630,16.312500,-7.222500,-7.203120,-0.019380,-16.592697,-6.689671,0
2024-10-18 22:00:00,15.806000,7.600000,7.600000,1745.060493,22.900000,1.172000,1.848000,-0.639643,0.000000,0.000000,0.000000,-5.475336,-5.526850,-5.526850,0.625000,0.643031,33.865369,3.414702,76.511350,0.131511,16.290000,-7.240000,-7.210633,-0.029367,-16.599884,-6.666592,0
2024-10-18 23:00:00,15.633250,7.577500,7.577500,1832.267244,22.925000,1.173500,1.858000,-0.664557,0.000000,0.000000,0.000000,-5.362282,-5.429091,-5.429091,0.607250,0.627715,35.269229,3.604766,76.449909,0.124218,16.327500,-7.280000,-7.288378,0.008378,-16.627987,-6.674695,0
2024-10-19 00:00:00,15.460500,7.555000,7.555000,1923.486046,22.950000,1.175000,1.868000,-0.689555,0.000000,0.000000,0.000000,-5.249228,-5.333061,-5.333061,0.589500,0.612250,36.657954,3.804782,76.374123,0.117305,16.365000,-7.320000,-7.353184,0.033184,-16.654477,-6.681144,0
2024-10-19 01:00:00,15.287750,7.532500,7.532500,2018.866500,22.975000,1.176500,1.878000,-0.714638,0.000000,0.000000,0.000000,-5.136174,-5.238730,-5.238730,0.571750,0.596636,38.025904,4.015200,76.283401,0.110751,16.402500,-7.360000,-7.408177,0.048177,-16.679279,-6.685864,0
2024-10-19 02:00:00,15.115000,7.510000,7.510000,2118.560052,23.000000,1.178000,1.888000,-0.739810,0.000000,0.000000,0.000000,-5.023120,-5.146068,-5.146068,0.554000,0.580871,39.366911,4.236484,76.177130,0.104540,16.440000,-7.400000,-7.455770,0.055770,-16.702316,-6.688778,0
2024-10-19 03:00:00,14.993500,7.520000,7.520000,2079.909174,23.050000,1.174000,1.882500,-0.728270,0.000000,0.000000,0.000000,-4.869218,-5.081879,-5.081879,0.541250,0.569411,37.730896,4.175184,76.657318,0.107344,16.520000,-7.442500,-7.547036,0.104536,-16.771226,-6.744059,0
2024-10-19 04:00:00,14.872000,7.530000,7.530000,2041.861613,23.100000,1.170000,1.877000,-0.716757,0.000000,0.000000,0.000000,-4.715316,-5.018491,-5.018491,0.528500,0.557872,36.136951,4.114595,77.136415,0.110217,16.600000,-7.485000,-7.618053,0.133053,-16.839934,-6.799124,0
2024-10-19 05:00:00,14.750500,7.540000,7.540000,2004.411612,23.150000,1.166000,1.871500,-0.705270,0.000000,0.000000,0.000000,-4.561413,-4.955894,-4.955894,0.515750,0.546254,34.584491,4.054717,77.614420,0.113159,16.680000,-7.527500,-7.672924,0.145424,-16.908444,-6.853979,0
2024-10-19 06:00:00,14.629000,7.550000,7.550000,1967.553318,23.200000,1.162000,1.866000,-0.693808,0.000000,0.000000,0.000000,-4.407511,-4.894077,-4.894077,0.503000,0.534556,33.072935,3.995546,78.091335,0.116173,16.760000,-7.570000,-7.714883,0.144883,-16.976757,-6.908626,0
2024-10-19 07:00:00,14.793000,7.555000,7.555000,1945.466615,23.125000,1.153500,1.858000,-0.688440,0.000000,1.360659,0.000000,-4.584093,-4.977701,-4.977701,0.483500,0.511492,31.169411,3.930168,77.941063,0.117779,16.712500,-7.525000,-7.596419,0.071419,-16.923147,-6.873855,0
2024-10-19 08:00:00,14.957000,7.560000,7.560000,1923.595667,23.050000,1.145000,1.850000,-0.683089,22.226213,2.721318,1.993339,-4.760676,-5.062753,-3.069414,0.464000,0.488635,29.326248,3.865847,77.789320,0.119402,16.665000,-7.480000,-7.513487,0.033487,-16.869399,-6.838925,1
2024-10-19 09:00:00,15.121000,7.565000,7.565000,1901.939039,22.975000,1.136500,1.842000,-0.677755,95.052446,4.081978,4.430775,-4.937258,-5.149259,-0.718483,0.444500,0.465982,27.541991,3.802567,77.636131,0.121043,16.617500,-7.435000,-7.458484,0.023484,-16.815515,-6.803838,1
2024-10-19 10:00:00,15.285000,7.570000,7.570000,1880.495286,22.900000,1.128000,1.834000,-0.672438,170.250481,5.442637,5.346574,-5.113840,-5.237242,0.109332,0.425000,0.443532,25.815216,3.740311,77.481517,0.122702,16.570000,-7.390000,-7.415182,0.025182,-16.761500,-6.768597,1
2024-10-19 11:00:00,15.657250,7.577500,7.577500,1861.194840,22.825000,1.132000,1.837000,-0.659855,227.687262,6.594011,5.853548,-5.462880,-5.442568,0.410980,0.465500,0.480873,27.570617,3.658914,77.648084,0.126318,16.582500,-7.327500,-7.293450,-0.034050,-16.672770,-6.722750,1
2024-10-19 12:00:00,16.029500,7.585000,7.585000,1842.068761,22.750000,1.136000,1.840000,-0.647312,258.896813,7.745384,6.159469,-5.811919,-5.655944,0.503524,0.506000,0.517453,29.223540,3.579486,77.811811,0.130025,16.595000,-7.265000,-7.157904,-0.107096,-16.583679,-6.676432,1
2024-10-19 13:00:00,16.401750,7.592500,7.592500,1823.117238,22.675000,1.140000,1.843000,-0.634808,260.249515,8.896758,6.335877,-6.160959,-5.877685,0.458191,0.546500,0.553292,30.778186,3.501976,77.972764,0.133824,16.607500,-7.202500,-7.059082,-0.143418,-16.494241,-6.629657,1
2024-10-19 14:00:00,16.774000,7.600000,7.600000,1804.340345,22.600000,1.144000,1.846000,-0.622342,231.595301,10.048132,6.374551,-6.509998,-6.108120,0.266430,0.587000,0.588411,32.238586,3.426338,78.131009,0.137717,16.620000,-7.140000,-7.041953,-0.098047,-16.404468,-6.582438,1
2024-10-19 15:00:00,16.742750,7.662500,7.662500,1574.248840,22.450000,1.141750,1.844500,-0.560146,176.224183,8.307358,5.999994,-6.483580,-6.088433,-0.088439,0.575000,0.576862,26.339955,2.992277,78.758257,0.160227,16.632500,-7.112500,-7.128206,0.015706,-16.451402,-6.626197,1
2024-10-19 16:00:00,16.711500,7.725000,7.725000,1372.087673,22.300000,1.139500,1.843000,-0.498416,102.039871,6.566583,5.107290,-6.457161,-6.068809,-0.961519,0.563000,0.565294,21.277047,2.610522,79.307885,0.186215,16.645000,-7.085000,-7.203419,0.118419,-16.489873,-6.661409,1
2024-10-19 17:00:00,16.680250,7.787500,7.787500,1194.787436,22.150000,1.137250,1.841500,-0.437114,27.478005,4.825809,2.617890,-6.430742,-6.049248,-3.431358,0.551000,0.553707,16.944670,2.275378,79.786928,0.216209,16.657500,-7.057500,-7.257161,0.199661,-16.520818,-6.689018,1
2024-10-19 18:00:00,16.649000,7.850000,7.850000,1039.537444,22.000000,1.135000,1.840000,-0.376207,0.001041,3.085035,0.000149,-6.404324,-6.029751,-6.029602,0.539000,0.542100,13.248678,1.981622,80.201650,0.250816,16.670000,-7.030000,-7.277543,0.247543,-16.545097,-6.709894,1
2024-10-19 19:00:00,16.457000,7.782500,7.782500,1205.859973,22.250000,1.136750,1.837750,-0.443265,0.000000,2.313776,0.000000,-6.225172,-5.911330,-5.911330,0.567500,0.573703,17.826673,2.312337,79.841732,0.212709,16.677500,-7.115000,-7.277491,0.162491,-16.597040,-6.739943,0
2024-10-19 20:00:00,16.265000,7.715000,7.715000,1397.367514,22.500000,1.138500,1.835500,-0.510848,0.000000,1.542517,0.000000,-6.046020,-5.795234,-5.795234,0.596000,0.605629,23.450073,2.695544,79.400810,0.180193,16.685000,-7.200000,-7.284135,0.084135,-16.640389,-6.761283,0
2024-10-19 21:00:00,16.073000,7.647500,7.647500,1617.427958,22.750000,1.140250,1.833250,-0.579000,0.000000,0.771259,0.000000,-5.866868,-5.681418,-5.681418,0.624500,0.637884,30.310891,3.138703,78.869809,0.152458,16.692500,-7.285000,-7.297571,0.012571,-16.673878,-6.772635,0
2024-10-19 22:00:00,15.881000,7.580000,7.580000,1869.706978,23.000000,1.142000,1.831000,-0.647775,0.000000,0.000000,0.000000,-5.687716,-5.569838,-5.569838,0.653000,0.670472,38.629411,3.650028,78.238449,0.128812,16.700000,-7.370000,-7.318103,-0.051897,-16.696111,-6.772590,0
2024-10-19 23:00:00,15.696750,7.567500,7.567500,1919.263826,23.025000,1.139750,1.835500,-0.662656,0.000000,0.000000,0.000000,-5.572779,-5.464823,-5.464823,0.614750,0.634368,37.834092,3.768398,78.221057,0.124543,16.727500,-7.410000,-7.369072,-0.040928,-16.737552,-6.792827,0
2024-10-20 00:00:00,15.512500,7.555000,7.555000,1970.016531,23.050000,1.137500,1.840000,-0.677570,0.000000,0.000000,0.000000,-5.457842,-5.361787,-5.361787,0.576500,0.597897,36.900524,3.890439,78.198393,0.120404,16.755000,-7.450000,-7.410090,-0.039910,-16.778404,-6.812443,0
2024-10-20 01:00:00,15.328250,7.542500,7.542500,2021.987107,23.075000,1.135250,1.844500,-0.692518,0.000000,0.000000,0.000000,-5.342906,-5.260695,-5.260695,0.538250,0.561053,35.821058,4.016253,78.170322,0.116392,16.782500,-7.490000,-7.443427,-0.046573,-16.818650,-6.831420,0
2024-10-20 02:00:00,15.144000,7.530000,7.530000,2075.197540,23.100000,1.133000,1.849000,-0.707499,0.000000,0.000000,0.000000,-5.227969,-5.161508,-5.161508,0.500000,0.523832,34.587734,4.145943,78.136708,0.112503,16.810000,-7.530000,-7.470834,-0.059166,-16.858272,-6.849741,0
2024-10-20 03:00:00,15.013500,7.527500,7.527500,2089.577598,23.150000,1.135750,1.841250,-0.709919,0.000000,0.000000,0.000000,-5.096966,-5.092390,-5.092390,0.480250,0.504957,33.652038,4.191911,78.362315,0.111819,16.867500,-7.570000,-7.527757,-0.042243,-16.906928,-6.883504,0
2024-10-20 04:00:00,14.883000,7.525000,7.525000,2104.029751,23.200000,1.138500,1.833500,-0.712350,0.000000,0.000000,0.000000,-4.965962,-5.024197,-5.024197,0.460500,0.485945,32.685631,4.238369,78.587253,0.111135,16.925000,-7.610000,-7.573666,-0.036334,-16.955537,-6.917206,0
2024-10-20 05:00:00,14.752500,7.522500,7.522500,2118.554203,23.250000,1.141250,1.825750,-0.714792,0.000000,0.000000,0.000000,-4.834959,-4.956918,-4.956918,0.440750,0.466792,31.687962,4.285323,78.811516,0.110453,16.982500,-7.650000,-7.610746,-0.039254,-17.004097,-6.950847,0
2024-10-20 06:00:00,14.622000,7.520000,7.520000,2133.151157,23.300000,1.144000,1.818000,-0.717245,0.000000,0.000000,0.000000,-4.703956,-4.890539,-4.890539,0.421000,0.447499,30.658470,4.332777,79.035096,0.109772,17.040000,-7.690000,-7.640732,-0.049268,-17.052607,-6.984425,0
2024-10-20 07:00:00,14.765250,7.537500,7.537500,2053.675656,23.275000,1.138750,1.826250,-0.697864,0.000000,1.347239,0.000000,-4.838353,-4.963451,-4.963451,0.422250,0.447041,29.183280,4.152403,79.074630,0.114776,17.000000,-7.660000,-7.552942,-0.107058,-17.034859,-6.983430,0
2024-10-20 08:00:00,14.908500,7.555000,7.555000,1976.920530,23.250000,1.133500,1.834500,-0.678539,21.232054,2.694479,1.922268,-4.972750,-5.037450,-3.115182,0.423500,0.446584,27.761778,3.979095,79.104075,0.119989,16.960000,-7.630000,-7.488574,-0.141426,-17.016023,-6.981321,1
2024-10-20 09:00:00,15.051750,7.572500,7.572500,1902.810250,23.225000,1.128250,1.842750,-0.659268,93.314353,4.041718,4.378531,-5.107148,-5.112552,-0.734021,0.424750,0.446130,26.392332,3.812611,79.123752,0.125422,16.920000,-7.600000,-7.446145,-0.153855,-16.996138,-6.978135,1
2024-10-20 10:00:00,15.195000,7.590000,7.590000,1831.270013,23.200000,1.123000,1.851000,-0.640049,168.157288,5.388957,5.295343,-5.241545,-5.188774,0.106569,0.426000,0.445678,25.073337,3.652714,79.133971,0.131083,16.880000,-7.570000,-7.413792,-0.156208,-16.975240,-6.973909,1
2024-10-20 11:00:00,15.893250,7.617500,7.617500,1736.468878,23.175000,1.119750,1.837250,-0.602072,225.366250,6.536993,5.944010,-5.599461,-5.576891,0.367119,0.476750,0.489343,25.593186,3.388611,79.223248,0.142348,16.830000,-7.475000,-7.295907,-0.179093,-16.845636,-6.925061,1
2024-10-20 12:00:00,16.591500,7.645000,7.645000,1646.165730,23.150000,1.116500,1.823500,-0.564304,256.420823,7.685028,6.408159,-5.957377,-5.994039,0.414119,0.527500,0.531349,25.796301,3.143570,79.284815,0.154478,16.780000,-7.380000,-7.180699,-0.199301,-16.712923,-6.872690,1
2024-10-20 13:00:00,17.289750,7.672500,7.672500,1560.202377,23.125000,1.113250,1.809750,-0.526734,257.683771,8.833064,6.751065,-6.315294,-6.442390,0.308675,0.578250,0.571774,25.726043,2.916272,79.320406,0.167538,16.730000,-7.285000,-7.122013,-0.162987,-16.577355,-6.817059,1
2024-10-20 14:00:00,17.988000,7.700000,7.700000,1478.418058,23.100000,1.110000,1.796000,-0.489354,229.014045,9.981099,6.953868,-6.673210,-6.924277,0.029591,0.629000,0.610687,25.421079,2.705473,79.331639,0.181591,16.680000,-7.190000,-7.137311,-0.052689,-16.439174,-6.758415,1
2024-10-20 15:00:00,17.837500,7.727500,7.727500,1388.037985,23.075000,1.112000,1.804250,-0.463749,173.728872,8.240595,6.480144,-6.648319,-6.817453,-0.337309,0.630500,0.614548,23.403701,2.551654,79.513967,0.193219,16.677500,-7.210000,-7.205496,-0.004504,-16.499984,-6.802419,1
2024-10-20 16:00:00,17.687000,7.755000,7.755000,1302.976691,23.050000,1.114000,1.812500,-0.438219,99.814616,6.500090,5.444174,-6.623427,-6.712277,-1.268103,0.632000,0.618437,21.487161,2.406224,79.683578,0.205553,16.675000,-7.230000,-7.262222,0.032222,-16.559574,-6.845175,1
2024-10-20 17:00:00,17.536500,7.782500,7.782500,1222.943306,23.025000,1.116000,1.820750,-0.412761,26.041006,4.759585,2.689013,-6.598536,-6.608724,-3.919711,0.633500,0.622353,19.666666,2.268765,79.840982,0.218636,16.672500,-7.250000,-7.301388,0.051388,-16.618003,-6.886742,1
2024-10-20 18:00:00,17.386000,7.810000,7.810000,1147.660314,23.000000,1.118000,1.829000,-0.387373,0.000383,3.019080,0.000058,-6.573645,-6.506768,-6.506710,0.635000,0.626298,17.937595,2.138873,79.986662,0.232512,16.670000,-7.270000,-7.316227,0.046227,-16.675330,-6.927179,1
